Accession,Strain,Genus,Geo_Location,Host,Animal,Family,Year,novel,mada
F_MIZ141_1,Bat astrovirus,Mamastrovirus,Madagascar,Rousettus madagascariensis,Bat,Pteropodidae,2018,1,1
F_MIZ141_2,Bat astrovirus,Mamastrovirus,Madagascar,Rousettus madagascariensis,Bat,Pteropodidae,2018,1,1
KY575644,Bat astrovirus,Mamastrovirus,Madagascar,Miniopterus griveaudi,Bat,Miniopteridae,2014,0,1
KY575645,Bat astrovirus,Mamastrovirus,Madagascar,Miniopterus griveaudi,Bat,Miniopteridae,2014,0,1
KY575646,Bat astrovirus,Mamastrovirus,Madagascar,Miniopterus griveaudi,Bat,Miniopteridae,2014,0,1
KY575647,Bat astrovirus,Mamastrovirus,Madagascar,Miniopterus griveaudi,Bat,Miniopteridae,2014,0,1
KY575648,Bat astrovirus,Mamastrovirus,Madagascar,Miniopterus griveaudi,Bat,Miniopteridae,2014,0,1
KY575649,Bat astrovirus,Mamastrovirus,Madagascar,Miniopterus griveaudi,Bat,Miniopteridae,2014,0,1
KY575650,Bat astrovirus,Mamastrovirus,Madagascar,Miniopterus griveaudi,Bat,Miniopteridae,2014,0,1
KY575651,Bat astrovirus,Mamastrovirus,Madagascar,Miniopterus griveaudi,Bat,Miniopteridae,2014,0,1
KY575652,Bat astrovirus,Mamastrovirus,Madagascar,Miniopterus griveaudi,Bat,Miniopteridae,2014,0,1
KY575653,Bat astrovirus,Mamastrovirus,Madagascar,Miniopterus griveaudi,Bat,Miniopteridae,2014,0,1
KY575654,Bat astrovirus,Mamastrovirus,Madagascar,Myotis goudoti,Bat,Vespertilionidae,2014,0,1
KY575655,Bat astrovirus,Mamastrovirus,Madagascar,Myotis goudoti,Bat,Vespertilionidae,2014,0,1
KY575656,Bat astrovirus,Mamastrovirus,Madagascar,Myotis goudoti,Bat,Vespertilionidae,2014,0,1
KY575657,Bat astrovirus,Mamastrovirus,Madagascar,Paratriaenops furculus,Bat,Rhinonycteridae,2014,0,1
KY575658,Bat astrovirus,Mamastrovirus,Madagascar,Paratriaenops furculus,Bat,Rhinonycteridae,2014,0,1
KY575659,Bat astrovirus,Mamastrovirus,Madagascar,Paratriaenops furculus,Bat,Rhinonycteridae,2014,0,1
KY575660,Bat astrovirus,Mamastrovirus,Madagascar,Paratriaenops furculus,Bat,Rhinonycteridae,2014,0,1
KY575661,Bat astrovirus,Mamastrovirus,Madagascar,Paratriaenops furculus,Bat,Rhinonycteridae,2014,0,1
KY575662,Bat astrovirus,Mamastrovirus,Madagascar,Paratriaenops furculus,Bat,Rhinonycteridae,2014,0,1
KY575663,Bat astrovirus,Mamastrovirus,Madagascar,Paratriaenops furculus,Bat,Rhinonycteridae,2014,0,1
KY575664,Bat astrovirus,Mamastrovirus,Madagascar,Paratriaenops furculus,Bat,Rhinonycteridae,2014,0,1
KY575665,Bat astrovirus,Mamastrovirus,Madagascar,Paratriaenops furculus,Bat,Rhinonycteridae,2014,0,1
KY575666,Bat astrovirus,Mamastrovirus,Madagascar,Rousettus madagascariensis,Bat,Pteropidae,2014,0,1
KY575667,Bat astrovirus,Mamastrovirus,Madagascar,Rousettus madagascariensis,Bat,Pteropidae,2014,0,1
KY575668,Bat astrovirus,Mamastrovirus,Madagascar,Triaenops menamena,Bat,Rhinonycteridae,2014,0,1
KY575669,Bat astrovirus,Mamastrovirus,Madagascar,Triaenops menamena,Bat,Rhinonycteridae,2014,0,1
KY575670,Bat astrovirus,Mamastrovirus,Madagascar,Triaenops menamena,Bat,Rhinonycteridae,2014,0,1
KY575671,Bat astrovirus,Mamastrovirus,Madagascar,Triaenops menamena,Bat,Rhinonycteridae,2014,0,1
KY575672,Bat astrovirus,Mamastrovirus,Madagascar,Triaenops menamena,Bat,Rhinonycteridae,2014,0,1
KY575673,Bat astrovirus,Mamastrovirus,Madagascar,Triaenops menamena,Bat,Rhinonycteridae,2014,0,1
KY575674,Bat astrovirus,Mamastrovirus,Madagascar,Miniopterus griveaudi,Bat,Miniopteridae,2014,0,1
MZ614404,Bat astrovirus,Mamastrovirus,Madagascar,Miniopterus gleni,Bat,Miniopteridae,2012,0,1
MZ614405,Bat astrovirus,Mamastrovirus,Madagascar,Miniopterus gleni,Bat,Miniopteridae,2012,0,1
MZ614406,Bat astrovirus,Mamastrovirus,Madagascar,Miniopterus mahafaliensis,Bat,Miniopteridae,2012,0,1
MZ614407,Bat astrovirus,Mamastrovirus,Madagascar,Miniopterus manavi,Bat,Miniopteridae,2012,0,1
MZ614408,Bat astrovirus,Mamastrovirus,Madagascar,Miniopterus manavi,Bat,Miniopteridae,2012,0,1
MZ614409,Bat astrovirus,Mamastrovirus,Madagascar,Miniopterus manavi,Bat,Miniopteridae,2012,0,1
MZ614410,Bat astrovirus,Mamastrovirus,Madagascar,Miniopterus manavi,Bat,Miniopteridae,2012,0,1
MZ614411,Bat astrovirus,Mamastrovirus,Madagascar,Miniopterus manavi,Bat,Miniopteridae,2012,0,1
MZ614412,Bat astrovirus,Mamastrovirus,Madagascar,Miniopterus manavi,Bat,Miniopteridae,2012,0,1
MZ614413,Bat astrovirus,Mamastrovirus,Madagascar,Miniopterus manavi,Bat,Miniopteridae,2012,0,1
MZ614414,Bat astrovirus,Mamastrovirus,Madagascar,Miniopterus manavi,Bat,Miniopteridae,2012,0,1
MZ614415,Bat astrovirus,Mamastrovirus,Madagascar,Miniopterus manavi,Bat,Miniopteridae,2012,0,1
MZ614416,Bat astrovirus,Mamastrovirus,Madagascar,Miniopterus manavi,Bat,Miniopteridae,2012,0,1
MZ614417,Bat astrovirus,Mamastrovirus,Madagascar,Miniopterus mahafaliensis,Bat,Miniopteridae,2012,0,1
MZ614418,Bat astrovirus,Mamastrovirus,Madagascar,Miniopterus sororculus,Bat,Miniopteridae,2012,0,1
MZ614419,Bat astrovirus,Mamastrovirus,Madagascar,Miniopterus sororculus,Bat,Miniopteridae,2012,0,1
MZ614420,Bat astrovirus,Mamastrovirus,Madagascar,Miniopterus sororculus,Bat,Miniopteridae,2012,0,1
MZ614421,Bat astrovirus,Mamastrovirus,Madagascar,Triaenops menamena,Bat,Rhinonycteridae,2012,0,1
MZ614422,Bat astrovirus,Mamastrovirus,Madagascar,Triaenops menamena,Bat,Rhinonycteridae,2012,0,1
MZ614423,Bat astrovirus,Mamastrovirus,Madagascar,Triaenops menamena,Bat,Rhinonycteridae,2012,0,1
MZ614424,Bat astrovirus,Mamastrovirus,Madagascar,Triaenops menamena,Bat,Rhinonycteridae,2012,0,1
MZ614425,Bat astrovirus,Mamastrovirus,Madagascar,Triaenops menamena,Bat,Rhinonycteridae,2012,0,1
MZ614426,Bat astrovirus,Mamastrovirus,Madagascar,Chaerephon leucogaster,Bat,Molossidae,2018,0,1
MZ614427,Bat astrovirus,Mamastrovirus,Madagascar,Mops leucostigma,Bat,Molossidae,2018,0,1
MZ614428,Bat astrovirus,Mamastrovirus,Madagascar,Mops leucostigma,Bat,Molossidae,2018,0,1
MZ614429,Bat astrovirus,Mamastrovirus,Madagascar,Macronycteris commersoni,Bat,Hipposideridae,2012,0,1
MZ614430,Bat astrovirus,Mamastrovirus,Madagascar,Macronycteris commersoni,Bat,Hipposideridae,2012,0,1
MZ614431,Bat astrovirus,Mamastrovirus,Madagascar,Macronycteris commersoni,Bat,Hipposideridae,2012,0,1
MZ614432,Bat astrovirus,Mamastrovirus,Madagascar,Miniopterus gleni,Bat,Miniopteridae,2012,0,1
MZ614433,Bat astrovirus,Mamastrovirus,Madagascar,Miniopterus gleni,Bat,Miniopteridae,2012,0,1
MZ614434,Bat astrovirus,Mamastrovirus,Madagascar,Miniopterus gleni,Bat,Miniopteridae,2012,0,1
MZ614435,Bat astrovirus,Mamastrovirus,Madagascar,Miniopterus gleni,Bat,Miniopteridae,2012,0,1
MZ614436,Bat astrovirus,Mamastrovirus,Madagascar,Miniopterus gleni,Bat,Miniopteridae,2012,0,1
NC_002470,Turkey astrovirus,Avastrovirus,Unknown,Meleagris gallopavo,Turkey,Phasianidae,XXXX,0,0
MK966904,Bat astrovirus,Mamastrovirus,Reunion Island,Mormopterus sp.,Bat,Molossidae,2016,0,0
MK966905,Bat astrovirus,Mamastrovirus,Reunion Island,Mormopterus sp.,Bat,Molossidae,2016,0,0
MK966906,Bat astrovirus,Mamastrovirus,Reunion Island,Mormopterus sp.,Bat,Molossidae,2016,0,0
MK966907,Bat astrovirus,Mamastrovirus,Reunion Island,Mormopterus sp.,Bat,Molossidae,2016,0,0
MK966908,Bat astrovirus,Mamastrovirus,Reunion Island,Mormopterus sp.,Bat,Molossidae,2016,0,0
MK966909,Bat astrovirus,Mamastrovirus,Reunion Island,Mormopterus sp.,Bat,Molossidae,2017,0,0
MK966910,Bat astrovirus,Mamastrovirus,Reunion Island,Mormopterus sp.,Bat,Molossidae,2017,0,0
MK966911,Bat astrovirus,Mamastrovirus,Reunion Island,Mormopterus sp.,Bat,Molossidae,2017,0,0
MK966912,Bat astrovirus,Mamastrovirus,Reunion Island,Mormopterus sp.,Bat,Molossidae,2017,0,0
MK966913,Bat astrovirus,Mamastrovirus,Reunion Island,Mormopterus sp.,Bat,Molossidae,2017,0,0
MK966914,Bat astrovirus,Mamastrovirus,Reunion Island,Mormopterus sp.,Bat,Molossidae,2017,0,0
MK966915,Bat astrovirus,Mamastrovirus,Reunion Island,Mormopterus sp.,Bat,Molossidae,2017,0,0
MK966916,Bat astrovirus,Mamastrovirus,Reunion Island,Mormopterus sp.,Bat,Molossidae,2017,0,0
MK966917,Bat astrovirus,Mamastrovirus,Reunion Island,Mormopterus sp.,Bat,Molossidae,2017,0,0
MK966918,Bat astrovirus,Mamastrovirus,Reunion Island,Mormopterus sp.,Bat,Molossidae,2017,0,0
MZ274075,Bat astrovirus,Mamastrovirus,Reunion Island,Mormopterus sp.,Bat,Molossidae,2017,0,0
MZ274076,Bat astrovirus,Mamastrovirus,Reunion Island,Mormopterus sp.,Bat,Molossidae,2017,0,0
MZ274077,Bat astrovirus,Mamastrovirus,Reunion Island,Mormopterus sp.,Bat,Molossidae,2017,0,0
MZ274078,Bat astrovirus,Mamastrovirus,Reunion Island,Mormopterus sp.,Bat,Molossidae,2018,0,0
MZ274079,Bat astrovirus,Mamastrovirus,Reunion Island,Mormopterus sp.,Bat,Molossidae,2018,0,0
MZ274080,Bat astrovirus,Mamastrovirus,Reunion Island,Mormopterus sp.,Bat,Molossidae,2018,0,0
MZ274081,Bat astrovirus,Mamastrovirus,Reunion Island,Mormopterus sp.,Bat,Molossidae,2018,0,0
MZ274082,Bat astrovirus,Mamastrovirus,Reunion Island,Mormopterus sp.,Bat,Molossidae,2018,0,0
MZ274083,Bat astrovirus,Mamastrovirus,Reunion Island,Mormopterus sp.,Bat,Molossidae,2018,0,0
MZ274084,Bat astrovirus,Mamastrovirus,Reunion Island,Mormopterus sp.,Bat,Molossidae,2018,0,0
MZ274085,Bat astrovirus,Mamastrovirus,Reunion Island,Mormopterus sp.,Bat,Molossidae,2018,0,0
MZ274086,Bat astrovirus,Mamastrovirus,Reunion Island,Mormopterus sp.,Bat,Molossidae,2018,0,0
MH013965,Bat astrovirus,Mamastrovirus,Mozambique,Hipposideros caffer,Bat,Hipposideridae,2015,0,0
MH013966,Bat astrovirus,Mamastrovirus,Mozambique,Hipposideros caffer,Bat,Hipposideridae,2015,0,0
MH013967,Bat astrovirus,Mamastrovirus,Mozambique,Hipposideros caffer,Bat,Hipposideridae,2015,0,0
MH013968,Bat astrovirus,Mamastrovirus,Mozambique,Hipposideros caffer,Bat,Hipposideridae,2015,0,0
MH013969,Bat astrovirus,Mamastrovirus,Mozambique,Hipposideros caffer,Bat,Hipposideridae,2015,0,0
MH013970,Bat astrovirus,Mamastrovirus,Mozambique,Hipposideros caffer,Bat,Hipposideridae,2015,0,0
MH013971,Bat astrovirus,Mamastrovirus,Mozambique,Hipposideros caffer,Bat,Hipposideridae,2015,0,0
MH013972,Bat astrovirus,Mamastrovirus,Mozambique,Hipposideros caffer,Bat,Hipposideridae,2015,0,0
MH013973,Bat astrovirus,Mamastrovirus,Mozambique,Hipposideros caffer,Bat,Hipposideridae,2015,0,0
MH013974,Bat astrovirus,Mamastrovirus,Mozambique,Miniopterus mossambicus,Bat,Miniopteridae,2015,0,0
MH013975,Bat astrovirus,Mamastrovirus,Mozambique,Mops condylurus,Bat,Molossidae,2015,0,0
MH013976,Bat astrovirus,Mamastrovirus,Mozambique,Nycteris thebaica,Bat,Nycteridae,2015,0,0
MH013977,Bat astrovirus,Mamastrovirus,Mozambique,Nycteris thebaica,Bat,Nycteridae,2015,0,0
MH013978,Bat astrovirus,Mamastrovirus,Mozambique,Nycteris thebaica,Bat,Nycteridae,2015,0,0
MH013979,Bat astrovirus,Mamastrovirus,Mozambique,Nycteris thebaica,Bat,Nycteridae,2015,0,0
MH013980,Bat astrovirus,Mamastrovirus,Mozambique,Triaenops afer,Bat,Rhinonycteridae,2015,0,0
MH013981,Bat astrovirus,Mamastrovirus,Mozambique,Triaenops afer,Bat,Rhinonycteridae,2015,0,0
MH013982,Bat astrovirus,Mamastrovirus,Mozambique,Triaenops afer,Bat,Rhinonycteridae,2015,0,0
MH013983,Bat astrovirus,Mamastrovirus,Mozambique,Triaenops afer,Bat,Rhinonycteridae,2015,0,0
MH013984,Bat astrovirus,Mamastrovirus,Mozambique,Triaenops afer,Bat,Rhinonycteridae,2015,0,0
MH013985,Bat astrovirus,Mamastrovirus,Mozambique,Triaenops afer,Bat,Rhinonycteridae,2015,0,0
MH013986,Bat astrovirus,Mamastrovirus,Mozambique,Triaenops afer,Bat,Rhinonycteridae,2015,0,0
MH013987,Bat astrovirus,Mamastrovirus,Mozambique,Triaenops afer,Bat,Rhinonycteridae,2015,0,0
MH013988,Bat astrovirus,Mamastrovirus,Mozambique,Triaenops afer,Bat,Rhinonycteridae,2015,0,0
MH013989,Bat astrovirus,Mamastrovirus,Mozambique,Triaenops afer,Bat,Rhinonycteridae,2015,0,0
MH013990,Bat astrovirus,Mamastrovirus,Mozambique,Triaenops afer,Bat,Rhinonycteridae,2015,0,0
MH013991,Bat astrovirus,Mamastrovirus,Mozambique,Triaenops afer,Bat,Rhinonycteridae,2015,0,0
MH013992,Bat astrovirus,Mamastrovirus,Mozambique,Triaenops afer,Bat,Rhinonycteridae,2015,0,0
MH013993,Bat astrovirus,Mamastrovirus,Mozambique,Triaenops afer,Bat,Rhinonycteridae,2015,0,0
MH013994,Bat astrovirus,Mamastrovirus,Mozambique,Triaenops afer,Bat,Rhinonycteridae,2015,0,0
MH013995,Bat astrovirus,Mamastrovirus,Mozambique,Triaenops afer,Bat,Rhinonycteridae,2015,0,0
MT980819,Bat astrovirus,Mamastrovirus,Egypt,Unknown,Bat,Unknown,2016,0,0
MT980820,Bat astrovirus,Mamastrovirus,Egypt,Unknown,Bat,Unknown,2016,0,0
MT980821,Bat astrovirus,Mamastrovirus,Egypt,Unknown,Bat,Unknown,2016,0,0
MT980822,Bat astrovirus,Mamastrovirus,Egypt,Unknown,Bat,Unknown,2016,0,0
MT980823,Bat astrovirus,Mamastrovirus,Egypt,Unknown,Bat,,2016,0,0
KY054427,Bat astrovirus,Mamastrovirus,Cameroon,Nycteris hispida,Bat,Nycteridae,2013,0,0
KY054428,Bat astrovirus,Mamastrovirus,Cameroon,Hipposideros caffer,Bat,Hipposideridae,2013,0,0
KY054429,Bat astrovirus,Mamastrovirus,Cameroon,Lissonycteris angolensis,Bat,Pteropodidae,2013,0,0
KY054430,Bat astrovirus,Mamastrovirus,Cameroon,Macronycteris commersoni,Bat,Hipposideridae,2013,0,0
KY054431,Bat astrovirus,Mamastrovirus,Cameroon,Hipposideros caffer,Bat,Hipposideridae,2013,0,0
KY054432,Bat astrovirus,Mamastrovirus,Cameroon,Macronycteris commersoni,Bat,Hipposideridae,2013,0,0
KY054433,Bat astrovirus,Mamastrovirus,Cameroon,Hipposideros caffer,Bat,Hipposideridae,2013,0,0
KY054434,Bat astrovirus,Mamastrovirus,Cameroon,Hipposideros caffer,Bat,Hipposideridae,2013,0,0
KY054435,Bat astrovirus,Mamastrovirus,Cameroon,Eidolon helvum,Bat,Pteropodidae,2013,0,0
MG693176,Bat astrovirus,Mamastrovirus,Cameroon,Eidolon helvum,Bat,Pteropodidae,2013,0,0
KU510441,Bat astrovirus,Mamastrovirus,Gabon,Miniopterus inflatus,Bat,Miniopteridae,2009,0,0
KU510442,Bat astrovirus,Mamastrovirus,Gabon,Macronycteris gigas,Bat,Hipposideridae,2009,0,0
KU510443,Bat astrovirus,Mamastrovirus,Gabon,Miniopterus inflatus,Bat,Miniopteridae,2009,0,0
KU510444,Bat astrovirus,Mamastrovirus,Gabon,Hipposideros caffer,Bat,Hipposideridae,2009,0,0
KU510445,Bat astrovirus,Mamastrovirus,Gabon,Hipposideros caffer,Bat,Hipposideridae,2009,0,0
KU510446,Bat astrovirus,Mamastrovirus,Gabon,Miniopterus inflatus,Bat,Miniopteridae,2009,0,0
KU510447,Bat astrovirus,Mamastrovirus,Gabon,Miniopterus inflatus,Bat,Miniopteridae,2009,0,0
KU510448,Bat astrovirus,Mamastrovirus,Gabon,Hipposideros caffer,Bat,Hipposideridae,2009,0,0
KU510449,Bat astrovirus,Mamastrovirus,Gabon,Hipposideros caffer,Bat,Hipposideridae,2009,0,0
KU510450,Bat astrovirus,Mamastrovirus,Gabon,Hipposideros caffer,Bat,Hipposideridae,2009,0,0
KU510451,Bat astrovirus,Mamastrovirus,Gabon,Macronycteris gigas,Bat,Hipposideridae,2009,0,0
KU510452,Bat astrovirus,Mamastrovirus,Gabon,Macronycteris gigas,Bat,Hipposideridae,2009,0,0
KU510453,Bat astrovirus,Mamastrovirus,Gabon,Miniopterus inflatus,Bat,Miniopteridae,2009,0,0
KU510454,Bat astrovirus,Mamastrovirus,Gabon,Hipposideros caffer,Bat,Hipposideridae,2009,0,0
KU510455,Bat astrovirus,Mamastrovirus,Gabon,Hipposideros caffer,Bat,Hipposideridae,2009,0,0
KU510456,Bat astrovirus,Mamastrovirus,Gabon,Miniopterus inflatus,Bat,Miniopteridae,2009,0,0
KU510457,Bat astrovirus,Mamastrovirus,Gabon,Miniopterus inflatus,Bat,Miniopteridae,2009,0,0
KU510458,Bat astrovirus,Mamastrovirus,Gabon,Miniopterus inflatus,Bat,Miniopteridae,2009,0,0
KU510459,Bat astrovirus,Mamastrovirus,Gabon,Miniopterus inflatus,Bat,Miniopteridae,2009,0,0
KU510460,Bat astrovirus,Mamastrovirus,Gabon,Macronycteris gigas,Bat,Hipposideridae,2009,0,0
KU510461,Bat astrovirus,Mamastrovirus,Gabon,Rousettus aegyptiacus,Bat,Pteropodidae,2009,0,0
KU510462,Bat astrovirus,Mamastrovirus,Gabon,Hipposideros caffer,Bat,Hipposideridae,2009,0,0
KU510463,Bat astrovirus,Mamastrovirus,Gabon,Hipposideros caffer,Bat,Hipposideridae,2009,0,0
KU510464,Bat astrovirus,Mamastrovirus,Gabon,Hipposideros caffer,Bat,Hipposideridae,2009,0,0
KU510465,Bat astrovirus,Mamastrovirus,Gabon,Miniopterus inflatus,Bat,Miniopteridae,2009,0,0
KU510466,Bat astrovirus,Mamastrovirus,Gabon,Hipposideros caffer,Bat,Hipposideridae,2009,0,0
KU510467,Bat astrovirus,Mamastrovirus,Gabon,Hipposideros caffer,Bat,Hipposideridae,2009,0,0
KU510468,Bat astrovirus,Mamastrovirus,Gabon,Hipposideros caffer,Bat,Hipposideridae,2009,0,0
KU510469,Bat astrovirus,Mamastrovirus,Gabon,Hipposideros caffer,Bat,Hipposideridae,2009,0,0
KU510470,Bat astrovirus,Mamastrovirus,Gabon,Miniopterus inflatus,Bat,Miniopteridae,2009,0,0
KU510471,Bat astrovirus,Mamastrovirus,Gabon,Hipposideros caffer,Bat,Hipposideridae,2009,0,0
KU510472,Bat astrovirus,Mamastrovirus,Gabon,Macronycteris commersoni,Bat,Hipposideridae,2009,0,0
KU510473,Bat astrovirus,Mamastrovirus,Gabon,Miniopterus inflatus,Bat,Miniopteridae,2009,0,0
KU510474,Bat astrovirus,Mamastrovirus,Gabon,Miniopterus inflatus,Bat,Miniopteridae,2009,0,0
KU510475,Bat astrovirus,Mamastrovirus,Gabon,Coleura afra,Bat,Emballonuridae,2009,0,0
KU510476,Bat astrovirus,Mamastrovirus,Gabon,Coleura afra,Bat,Emballonuridae,2009,0,0
KU510477,Bat astrovirus,Mamastrovirus,Gabon,Rousettus aegyptiacus,Bat,Pteropodidae,2009,0,0
KU510478,Bat astrovirus,Mamastrovirus,Gabon,Miniopterus inflatus,Bat,Miniopteridae,2009,0,0
KU510479,Bat astrovirus,Mamastrovirus,Gabon,Miniopterus inflatus,Bat,Miniopteridae,2009,0,0
KU510480,Bat astrovirus,Mamastrovirus,Gabon,Hipposideros caffer,Bat,Hipposideridae,2009,0,0
KU510481,Bat astrovirus,Mamastrovirus,Gabon,Macronycteris gigas,Bat,Hipposideridae,2009,0,0
KU510482,Bat astrovirus,Mamastrovirus,Gabon,Miniopterus inflatus,Bat,Miniopteridae,2009,0,0
KU510483,Bat astrovirus,Mamastrovirus,Gabon,Macronycteris gigas,Bat,Hipposideridae,2009,0,0
KU510484,Bat astrovirus,Mamastrovirus,Gabon,Hipposideros caffer,Bat,Hipposideridae,2009,0,0
KY053942,Bat astrovirus,Mamastrovirus,Democratic Republic of the Congo,Triaenops persicus,Bat,Rhinonycteridae,2012,0,0
KY053943,Bat astrovirus,Mamastrovirus,Democratic Republic of the Congo,Triaenops persicus,Bat,Rhinonycteridae,2012,0,0
KY053944,Bat astrovirus,Mamastrovirus,Democratic Republic of the Congo,Triaenops persicus,Bat,Rhinonycteridae,2012,0,0
KY053945,Bat astrovirus,Mamastrovirus,Democratic Republic of the Congo,Triaenops persicus,Bat,Rhinonycteridae,2012,0,0
KY053946,Bat astrovirus,Mamastrovirus,Democratic Republic of the Congo,Triaenops persicus,Bat,Rhinonycteridae,2012,0,0
KY053947,Bat astrovirus,Mamastrovirus,Democratic Republic of the Congo,Triaenops persicus,Bat,Rhinonycteridae,2012,0,0
KY053948,Bat astrovirus,Mamastrovirus,Democratic Republic of the Congo,Triaenops persicus,Bat,Rhinonycteridae,2012,0,0
KY053949,Bat astrovirus,Mamastrovirus,Democratic Republic of the Congo,Triaenops persicus,Bat,Rhinonycteridae,2012,0,0
KY053950,Bat astrovirus,Mamastrovirus,Democratic Republic of the Congo,Triaenops persicus,Bat,Rhinonycteridae,2012,0,0
KY053951,Bat astrovirus,Mamastrovirus,Democratic Republic of the Congo,Triaenops persicus,Bat,Rhinonycteridae,2012,0,0
KY053952,Bat astrovirus,Mamastrovirus,Democratic Republic of the Congo,Triaenops persicus,Bat,Rhinonycteridae,2012,0,0
KY053953,Bat astrovirus,Mamastrovirus,Democratic Republic of the Congo,Triaenops persicus,Bat,Rhinonycteridae,2012,0,0
KY053954,Bat astrovirus,Mamastrovirus,Democratic Republic of the Congo,Triaenops persicus,Bat,Rhinonycteridae,2012,0,0
KY053955,Bat astrovirus,Mamastrovirus,Democratic Republic of the Congo,Triaenops persicus,Bat,Rhinonycteridae,2012,0,0
KY053956,Bat astrovirus,Mamastrovirus,Democratic Republic of the Congo,Triaenops persicus,Bat,Rhinonycteridae,2012,0,0
KY053957,Bat astrovirus,Mamastrovirus,Democratic Republic of the Congo,Triaenops persicus,Bat,Rhinonycteridae,2012,0,0
KY053958,Bat astrovirus,Mamastrovirus,Democratic Republic of the Congo,Triaenops persicus,Bat,Rhinonycteridae,2012,0,0
KY053959,Bat astrovirus,Mamastrovirus,Democratic Republic of the Congo,Triaenops persicus,Bat,Rhinonycteridae,2012,0,0
KY053960,Bat astrovirus,Mamastrovirus,Democratic Republic of the Congo,Triaenops persicus,Bat,Rhinonycteridae,2012,0,0
KY053961,Bat astrovirus,Mamastrovirus,Democratic Republic of the Congo,Triaenops persicus,Bat,Rhinonycteridae,2012,0,0
KY053962,Bat astrovirus,Mamastrovirus,Democratic Republic of the Congo,Triaenops persicus,Bat,Rhinonycteridae,2012,0,0
KY053963,Bat astrovirus,Mamastrovirus,Democratic Republic of the Congo,Triaenops persicus,Bat,Rhinonycteridae,2012,0,0
KY053964,Bat astrovirus,Mamastrovirus,Democratic Republic of the Congo,Triaenops afer,Bat,Rhinonycteridae,2012,0,0
KY053965,Bat astrovirus,Mamastrovirus,Democratic Republic of the Congo,Triaenops persicus,Bat,Rhinonycteridae,2012,0,0
KY053966,Bat astrovirus,Mamastrovirus,Democratic Republic of the Congo,Triaenops persicus,Bat,Rhinonycteridae,2012,0,0
KY053967,Bat astrovirus,Mamastrovirus,Democratic Republic of the Congo,Triaenops persicus,Bat,Rhinonycteridae,2012,0,0
KY053968,Bat astrovirus,Mamastrovirus,Democratic Republic of the Congo,Triaenops persicus,Bat,Rhinonycteridae,2012,0,0
KY053969,Bat astrovirus,Mamastrovirus,Democratic Republic of the Congo,Triaenops persicus,Bat,Rhinonycteridae,2012,0,0
KY053970,Bat astrovirus,Mamastrovirus,Democratic Republic of the Congo,Triaenops persicus,Bat,Rhinonycteridae,2012,0,0
KY053971,Bat astrovirus,Mamastrovirus,Democratic Republic of the Congo,Triaenops afer,Bat,Rhinonycteridae,2012,0,0
KY053972,Bat astrovirus,Mamastrovirus,Democratic Republic of the Congo,Triaenops persicus,Bat,Rhinonycteridae,2012,0,0
KY053973,Bat astrovirus,Mamastrovirus,Democratic Republic of the Congo,Triaenops persicus,Bat,Rhinonycteridae,2012,0,0
KY053974,Bat astrovirus,Mamastrovirus,Democratic Republic of the Congo,Triaenops persicus,Bat,Rhinonycteridae,2012,0,0
KY053975,Bat astrovirus,Mamastrovirus,Democratic Republic of the Congo,Triaenops afer,Bat,Rhinonycteridae,2012,0,0
KY053976,Bat astrovirus,Mamastrovirus,Democratic Republic of the Congo,Triaenops persicus,Bat,Rhinonycteridae,2012,0,0
KY053977,Bat astrovirus,Mamastrovirus,Democratic Republic of the Congo,Triaenops persicus,Bat,Rhinonycteridae,2012,0,0
KY053978,Bat astrovirus,Mamastrovirus,Democratic Republic of the Congo,Hipposideros,Bat,Hipposideridae,2012,0,0
KY053979,Bat astrovirus,Mamastrovirus,Democratic Republic of the Congo,Hipposideros caffer,Bat,Hipposideridae,2012,0,0
KY053980,Bat astrovirus,Mamastrovirus,Democratic Republic of the Congo,Hipposideros caffer,Bat,Hipposideridae,2012,0,0
KY053981,Bat astrovirus,Mamastrovirus,Democratic Republic of the Congo,Hipposideros ruber,Bat,Hipposideridae,2012,0,0
KY053982,Bat astrovirus,Mamastrovirus,Democratic Republic of the Congo,Hipposideros ruber,Bat,Hipposideridae,2012,0,0
KY053983,Bat astrovirus,Mamastrovirus,Democratic Republic of the Congo,Hipposideros ruber,Bat,Hipposideridae,2012,0,0
KY053984,Bat astrovirus,Mamastrovirus,Democratic Republic of the Congo,Hipposideros,Bat,Hipposideridae,2012,0,0
KY053985,Bat astrovirus,Mamastrovirus,Democratic Republic of the Congo,Hipposideros ruber,Bat,Hipposideridae,2012,0,0
KY053986,Bat astrovirus,Mamastrovirus,Democratic Republic of the Congo,Parahypsugo crassulus,Bat,,2012,0,0
KY053987,Bat astrovirus,Mamastrovirus,Democratic Republic of the Congo,Parahypsugo crassulus,Bat,,2012,0,0
KY053988,Bat astrovirus,Mamastrovirus,Democratic Republic of the Congo,Parahypsugo crassulus,Bat,,2012,0,0
KY053989,Bat astrovirus,Mamastrovirus,Democratic Republic of the Congo,Triaenops persicus,Bat,Rhinonycteridae,2012,0,0
KY053990,Bat astrovirus,Mamastrovirus,Democratic Republic of the Congo,Triaenops persicus,Bat,Rhinonycteridae,2012,0,0
KY053991,Bat astrovirus,Mamastrovirus,Democratic Republic of the Congo,Hipposideros ruber,Bat,Hipposideridae,2012,0,0
KY053992,Bat astrovirus,Mamastrovirus,Democratic Republic of the Congo,Miniopterus inflatus,Bat,Miniopteridae,2012,0,0
KY053993,Bat astrovirus,Mamastrovirus,Democratic Republic of the Congo,Miniopterus inflatus,Bat,Miniopteridae,2012,0,0
KY053994,Bat astrovirus,Mamastrovirus,Democratic Republic of the Congo,Miniopterus inflatus,Bat,Miniopteridae,2012,0,0
KY053995,Bat astrovirus,Mamastrovirus,Democratic Republic of the Congo,Miniopterus inflatus,Bat,Miniopteridae,2012,0,0
KY053996,Bat astrovirus,Mamastrovirus,Democratic Republic of the Congo,Miniopterus inflatus,Bat,Miniopteridae,2012,0,0
KY053997,Bat astrovirus,Mamastrovirus,Democratic Republic of the Congo,Miniopterus inflatus,Bat,Miniopteridae,2012,0,0
KY053998,Bat astrovirus,Mamastrovirus,Democratic Republic of the Congo,Miniopterus inflatus,Bat,Miniopteridae,2012,0,0
KY053999,Bat astrovirus,Mamastrovirus,Democratic Republic of the Congo,Miniopterus inflatus,Bat,Miniopteridae,2012,0,0
KY054000,Bat astrovirus,Mamastrovirus,Democratic Republic of the Congo,Miniopterus inflatus,Bat,Miniopteridae,2012,0,0
KY054001,Bat astrovirus,Mamastrovirus,Democratic Republic of the Congo,Triaenops persicus,Bat,Rhinonycteridae,2012,0,0
KY054002,Bat astrovirus,Mamastrovirus,Democratic Republic of the Congo,Miniopterus inflatus,Bat,Miniopteridae,2012,0,0
KY054003,Bat astrovirus,Mamastrovirus,Democratic Republic of the Congo,Triaenops persicus,Bat,Rhinonycteridae,2012,0,0
KY054004,Bat astrovirus,Mamastrovirus,Democratic Republic of the Congo,Miniopterus inflatus,Bat,Miniopteridae,2012,0,0
KY054005,Bat astrovirus,Mamastrovirus,Democratic Republic of the Congo,Miniopterus inflatus,Bat,Miniopteridae,2012,0,0
KY054018,Bat astrovirus,Mamastrovirus,Tanzania,Eidolon helvum,Bat,Pteropodidae,2013,0,0
KY054019,Bat astrovirus,Mamastrovirus,Tanzania,Eidolon helvum,Bat,Pteropodidae,2013,0,0
KY054020,Bat astrovirus,Mamastrovirus,Tanzania,Unknown,Bat,Unknown,2013,0,0
KY054021,Bat astrovirus,Mamastrovirus,Tanzania,Eidolon helvum,Bat,Pteropodidae,2013,0,0
KY054022,Bat astrovirus,Mamastrovirus,Tanzania,Eidolon helvum,Bat,Pteropodidae,2013,0,0
KY054023,Bat astrovirus,Mamastrovirus,Tanzania,Eidolon helvum,Bat,Pteropodidae,2013,0,0
KY054024,Bat astrovirus,Mamastrovirus,Tanzania,Eidolon helvum,Bat,Pteropodidae,2013,0,0
KY054025,Bat astrovirus,Mamastrovirus,Tanzania,Coleura afra,Bat,Emballonuridae,2013,0,0
KY054026,Bat astrovirus,Mamastrovirus,Tanzania,Coleura afra,Bat,Emballonuridae,2013,0,0
KY054027,Bat astrovirus,Mamastrovirus,Tanzania,Unknown,Bat,Unknown,2013,0,0
KY054028,Bat astrovirus,Mamastrovirus,Tanzania,Unknown,Bat,Unknown,2013,0,0
KY054029,Bat astrovirus,Mamastrovirus,Tanzania,Triaenops persicus,Bat,Rhinonycteridae,2013,0,0
KY054030,Bat astrovirus,Mamastrovirus,Tanzania,Triaenops persicus,Bat,Rhinonycteridae,2013,0,0
KY054031,Bat astrovirus,Mamastrovirus,Tanzania,Triaenops persicus,Bat,Rhinonycteridae,2013,0,0
KY054032,Bat astrovirus,Mamastrovirus,Tanzania,Triaenops persicus,Bat,Rhinonycteridae,2013,0,0
KY054033,Bat astrovirus,Mamastrovirus,Tanzania,Triaenops persicus,Bat,Rhinonycteridae,2013,0,0
KY054034,Bat astrovirus,Mamastrovirus,Tanzania,Triaenops persicus,Bat,Rhinonycteridae,2013,0,0
KY054035,Bat astrovirus,Mamastrovirus,Tanzania,Triaenops persicus,Bat,Rhinonycteridae,2013,0,0
KY054036,Bat astrovirus,Mamastrovirus,Tanzania,Triaenops persicus,Bat,Rhinonycteridae,2013,0,0
KY054037,Bat astrovirus,Mamastrovirus,Tanzania,Eidolon helvum,Bat,Pteropodidae,2013,0,0
KY054038,Bat astrovirus,Mamastrovirus,Tanzania,Eidolon helvum,Bat,Pteropodidae,2013,0,0
KY054039,Bat astrovirus,Mamastrovirus,Tanzania,Eidolon helvum,Bat,Pteropodidae,2013,0,0
KY054040,Bat astrovirus,Mamastrovirus,Tanzania,Eidolon helvum,Bat,Pteropodidae,2013,0,0
KY054041,Bat astrovirus,Mamastrovirus,Tanzania,Eidolon helvum,Bat,Pteropodidae,2013,0,0
KY054042,Bat astrovirus,Mamastrovirus,Tanzania,Eidolon helvum,Bat,Pteropodidae,2013,0,0
KY054043,Bat astrovirus,Mamastrovirus,Tanzania,Tadarida,Bat,Molossidae,2013,0,0
KY054044,Bat astrovirus,Mamastrovirus,Tanzania,Tadarida,Bat,Molossidae,2013,0,0
KY054045,Bat astrovirus,Mamastrovirus,Tanzania,Unknown,Bat,Unknown,2013,0,0
KY054046,Bat astrovirus,Mamastrovirus,Tanzania,Triaenops persicus,Bat,Rhinonycteridae,2013,0,0
KY054047,Bat astrovirus,Mamastrovirus,Tanzania,Triaenops persicus,Bat,Rhinonycteridae,2013,0,0
KY054048,Bat astrovirus,Mamastrovirus,Tanzania,Triaenops persicus,Bat,Rhinonycteridae,2013,0,0
KY054049,Bat astrovirus,Mamastrovirus,Tanzania,Triaenops persicus,Bat,Rhinonycteridae,2013,0,0
KY054050,Bat astrovirus,Mamastrovirus,Tanzania,Triaenops persicus,Bat,Rhinonycteridae,2013,0,0
KY054051,Bat astrovirus,Mamastrovirus,Tanzania,Triaenops persicus,Bat,Rhinonycteridae,2013,0,0
KY054052,Bat astrovirus,Mamastrovirus,Tanzania,Triaenops persicus,Bat,Rhinonycteridae,2013,0,0
KY054053,Bat astrovirus,Mamastrovirus,Tanzania,Triaenops persicus,Bat,Rhinonycteridae,2013,0,0
KY054054,Bat astrovirus,Mamastrovirus,Tanzania,Coleura afra,Bat,Emballonuridae,2013,0,0
KY054055,Bat astrovirus,Mamastrovirus,Tanzania,Triaenops persicus,Bat,Rhinonycteridae,2013,0,0
KY054056,Bat astrovirus,Mamastrovirus,Tanzania,Triaenops persicus,Bat,Rhinonycteridae,2013,0,0
KY054057,Bat astrovirus,Mamastrovirus,Tanzania,Triaenops persicus,Bat,Rhinonycteridae,2013,0,0
KY054058,Bat astrovirus,Mamastrovirus,Tanzania,Triaenops persicus,Bat,Rhinonycteridae,2013,0,0
KY054059,Bat astrovirus,Mamastrovirus,Tanzania,Triaenops persicus,Bat,Rhinonycteridae,2013,0,0
KY054060,Bat astrovirus,Mamastrovirus,Tanzania,Triaenops persicus,Bat,Rhinonycteridae,2013,0,0
KY054061,Bat astrovirus,Mamastrovirus,Tanzania,Triaenops persicus,Bat,Rhinonycteridae,2013,0,0
KY054062,Bat astrovirus,Mamastrovirus,Tanzania,Triaenops persicus,Bat,Rhinonycteridae,2013,0,0
KY054063,Bat astrovirus,Mamastrovirus,Tanzania,Triaenops persicus,Bat,Rhinonycteridae,2013,0,0
KY054064,Bat astrovirus,Mamastrovirus,Tanzania,Triaenops persicus,Bat,Rhinonycteridae,2013,0,0
KY054084,Bat astrovirus,Mamastrovirus,Tanzania,Mops pumilus,Bat,Molossidae,2012,0,0
KY054085,Bat astrovirus,Mamastrovirus,Tanzania,Mops pumilus,Bat,Molossidae,2012,0,0
KY054086,Bat astrovirus,Mamastrovirus,Tanzania,Mops pumilus,Bat,Molossidae,2012,0,0